[
	{
		"block": "quark:blaze_lantern:0",
		"distrib": "0,0.0034375;1,0.0;",
		"silktouch": false,
		"dim": "Dim 0: overworld"
	},
	{
		"block": "thermaldynamics:duct_64:1:{}",
		"distrib": "0,0.0;10,0.0;11,0.00609375;12,1.5625E-4;14,1.5625E-4;15,0.0;",
		"silktouch": false,
		"dropsList": [
			{
				"itemStack": "thermaldynamics:duct_64:1",
				"fortunes": {
					"0": 1.0,
					"1": 1.0,
					"2": 1.0,
					"3": 1.0
				}
			}
		],
		"dim": "Dim 0: overworld"
	},
	{
		"block": "thermaldynamics:duct_64:2:{}",
		"distrib": "0,0.0;10,0.0;11,1.5625E-4;12,0.0;14,0.0;15,1.5625E-4;16,0.0;",
		"silktouch": false,
		"dropsList": [
			{
				"itemStack": "thermaldynamics:duct_64:2",
				"fortunes": {
					"0": 1.0,
					"1": 1.0,
					"2": 1.0,
					"3": 1.0
				}
			}
		],
		"dim": "Dim 0: overworld"
	},
	{
		"block": "minecraft:air:0",
		"distrib": "0,0.1928125;1,0.19625;7,0.19625;8,0.1928125;9,0.2;10,0.2;11,0.19375;12,0.19984375;14,0.19984375;15,0.12125;16,0.0;",
		"silktouch": false,
		"dim": "Dim 0: overworld"
	},
	{
		"block": "thermalfoundation:storage_alloy:2",
		"distrib": "0,0.00375;7,0.00375;8,0.0071875;9,0.0;14,0.0;15,0.07859375;16,0.0;",
		"silktouch": false,
		"dim": "Dim 0: overworld"
	}
]