{
  "itemName": "remobrawing",
  "loadDefault": true,
  "slotType": "axe",
  "dropMobId": "lycanitesmobs:remobra",
  "dropChance": 0.2,
  "levelMin": 1,
  "levelMax": 3,
  "elements": [
    "poison"
  ],
  "features": [
    {
      "featureType": "harvest",
      "levelMax": 1,
      "harvestType": "axe",
      "harvestShape": "block",
      "harvestRange": [
        1,
        1,
        1
      ]
    },
    {
      "featureType": "harvest",
      "levelMin": 2,
      "levelMax": 2,
      "harvestType": "axe",
      "harvestShape": "block",
      "harvestRange": [
        2,
        3,
        2
      ]
    },
    {
      "featureType": "harvest",
      "levelMin": 3,
      "harvestType": "axe",
      "harvestShape": "block",
      "harvestRange": [
        3,
        10,
        3
      ]
    },
    {
      "featureType": "damage",
      "levelMax": 1,
      "damageAmount": 3,
      "damageKnockback": 0,
      "damageCooldown": 1,
      "damageRange": 1,
      "damageSweep": 90
    },
    {
      "featureType": "damage",
      "levelMin": 2,
      "levelMax": 2,
      "damageAmount": 4,
      "damageKnockback": 0,
      "damageCooldown": 1,
      "damageRange": 1,
      "damageSweep": 180
    },
    {
      "featureType": "damage",
      "levelMin": 3,
      "damageAmount": 5,
      "damageKnockback": 0,
      "damageCooldown": 0.75,
      "damageRange": 1,
      "damageSweep": 180
    },
    {
      "featureType": "effect",
      "levelMax": 2,
      "effectType": "minecraft:poison",
      "effectTarget": "target",
      "effectDuration": 20,
      "effectStrength": 1
    },
    {
      "featureType": "effect",
      "levelMin": 3,
      "effectType": "minecraft:poison",
      "effectTarget": "target",
      "effectDuration": 40,
      "effectStrength": 1
    },
    {
      "featureType": "projectile",
      "levelMin": 2,
      "projectileName": "venomshot",
      "projectileTrigger": "secondary",
      "projectilePattern": "simple",
      "cooldown": 10,
      "count": 1
    },
    {
      "featureType": "summon",
      "levelMin": 3,
      "summonMobId": "lycanitesmobs.remobra",
      "summonChance": 0.05,
      "summonDuration": 10,
      "summonCountMin": 1,
      "summonCountMax": 1,
      "sizeScale": 0.4
    }
  ]
}