{
  "itemName": "vapulacrystal",
  "loadDefault": true,
  "slotType": "axe",
  "dropMobId": "lycanitesmobs:vapula",
  "dropChance": 0.1,
  "levelMin": 1,
  "levelMax": 3,
  "elements": [
    "arcane"
  ],
  "features": [
    {
      "featureType": "harvest",
      "levelMax": 1,
      "harvestType": "pickaxe",
      "harvestSpeed": 6,
      "harvestShape": "cross",
      "harvestRange": [
        3,
        3,
        3
      ],
      "harvestRangeLevelMultiplier": 1
    },
    {
      "featureType": "harvest",
      "levelMin": 2,
      "levelMax": 2,
      "harvestType": "pickaxe",
      "harvestSpeed": 7,
      "harvestShape": "cross",
      "harvestRange": [
        5,
        5,
        5
      ],
      "harvestRangeLevelMultiplier": 1
    },
    {
      "featureType": "harvest",
      "harvestType": "pickaxe",
      "levelMin": 3,
      "harvestSpeed": 8,
      "harvestShape": "cross",
      "harvestRange": [
        7,
        7,
        7
      ],
      "harvestRangeLevelMultiplier": 1
    },
    {
      "featureType": "damage",
      "levelMax": 2,
      "damageAmount": 6,
      "damageKnockback": 2,
      "damageCooldown": 2,
      "damageRange": 1,
      "damageSweep": 90
    },
    {
      "featureType": "damage",
      "levelMin": 3,
      "damageAmount": 8,
      "damageKnockback": 2,
      "damageCooldown": 1,
      "damageRange": 1,
      "damageSweep": 180
    },
    {
      "featureType": "effect",
      "effectType": "aphagia",
      "effectTarget": "target",
      "effectDuration": 100,
      "effectStrength": 1
    },
    {
      "featureType": "projectile",
      "levelMin": 3,
      "projectileName": "crystalshard",
      "projectileTrigger": "hit",
      "projectilePattern": "simple",
      "count": 1,
      "hitChance": 0.5
    }
  ]
}