{
  "name": "devilstar",
  "loadDefault": true,
  "width": 0.5,
  "height": 0.5,
  "scale": 0.75,
  "damage": 2,
  "pierce": 1,
  "knockbackChance": 0.125,
  "effectDuration": 5,
  "effectAmplifier": 1,
  "velocity": 1.1,
  "weight": 0,
  "lifetime": 40,
  "elements": [
    "void"
  ],
  "behaviours": [],
  "waterproof": true,
  "lavaproof": true,
  "cutGrass": false,
  "impactSound": false,
  "ripper": true,
  "pierceBlocks": false,
  "glow": true,
  "rollSpeed": 4,
  "particleCount": 1,
  "particleType": "flame",
  "waterParticleType": "bubble",
  "animationFrames": 4
}