{
  "name": "frostbolt",
  "loadDefault": true,
  "width": 0.5,
  "height": 0.5,
  "scale": 1.0,
  "damage": 5,
  "pierce": 1,
  "knockbackChance": 0.5,
  "effectDuration": 5,
  "effectAmplifier": 1,
  "velocity": 0.9,
  "weight": 0,
  "lifetime": 100,
  "elements": [
    "frost"
  ],
  "behaviours": [],
  "waterproof": true,
  "lavaproof": false,
  "cutGrass": false,
  "impactSound": false,
  "ripper": true,
  "pierceBlocks": false,
  "glow": false,
  "rollSpeed": 4,
  "particleCount": 1,
  "particleType": "cloud",
  "waterParticleType": "bubble",
  "animationFrames": 4
}