{
  "name": "icefireball",
  "loadDefault": true,
  "width": 1.0,
  "height": 1.0,
  "scale": 1.0,
  "damage": 3,
  "pierce": 1,
  "knockbackChance": 0.5,
  "effectDuration": 5,
  "effectAmplifier": 1,
  "velocity": 0.8,
  "weight": 1,
  "lifetime": 100,
  "elements": [
    "water",
    "frost"
  ],
  "behaviours": [
    {
      "type": "placeBlocks",
      "block": "lycanitesmobs:icefire",
      "radius": 2,
      "height": 1
    }
  ],
  "waterproof": true,
  "lavaproof": false,
  "cutGrass": false,
  "impactSound": false,
  "ripper": false,
  "pierceBlocks": false,
  "glow": false,
  "rollSpeed": 0,
  "particleCount": 1,
  "particleType": "cloud",
  "waterParticleType": "bubble",
  "animationFrames": 8
}