{
  "name": "mudshot",
  "loadDefault": true,
  "width": 1.0,
  "height": 1.0,
  "scale": 1,
  "damage": 4,
  "pierce": 1,
  "knockbackChance": 0.5,
  "effectDuration": 5,
  "effectAmplifier": 1,
  "velocity": 0.8,
  "weight": 0.25,
  "lifetime": 100,
  "elements": [
    "water",
    "earth"
  ],
  "behaviours": [],
  "waterproof": true,
  "lavaproof": false,
  "cutGrass": false,
  "impactSound": false,
  "ripper": false,
  "pierceBlocks": false,
  "glow": false,
  "rollSpeed": 8,
  "particleCount": 1,
  "particleType": "fallingdust",
  "waterParticleType": "bubble",
  "animationFrames": 8
}