[
  {
    "user": {
      "type": "player",
      "name": "Charizard_dragon",
      "uniqueId": "ada71945-4bea-4dc0-92fb-d92ed312ebb6"
    },
    "time": 1722548959286,
    "type": "Profiler",
    "data": {
      "type": "url",
      "value": "https://spark.lucko.me/dkdiHGbimL"
    }
  },
  {
    "user": {
      "type": "player",
      "name": "Charizard_dragon",
      "uniqueId": "ada71945-4bea-4dc0-92fb-d92ed312ebb6"
    },
    "time": 1722285618391,
    "type": "Heap dump",
    "data": {
      "type": "file",
      "value": "C:\\Users\\seand\\curseforge\\minecraft\\Instances\\space puzzle horror\\config\\heap-2024-07-29_16.40.05.hprof"
    }
  }
]